,plntname,instrument,Rp,Tp,Mp,Teff,Kmag,orbital_period,Rs,a/Rs,catalog_name,planet_name
0,WASP-12 b,Space Telescope Imaging Spectrograph,1.937,2594.18,1.465,6360.0,10.188,1.09142,1.66,3.0052686816606657,nexsci,WASP-12 b
3,WASP-12 b,Infrared Array Camera (IRAC),1.937,2594.18,1.465,6360.0,10.188,1.09142,1.66,3.0052686816606657,nexsci,WASP-12 b
6,HAT-P-1 b,Wide Field Camera 3,1.319,1322.67,0.525,5980.0,8.858,4.46529976,1.17,10.220459980204405,nexsci,HAT-P-1 b
11,CoRoT-1 b,SpeX and MORIS,1.49,1822.16,1.03,5950.0,12.149,1.5089557,1.11,5.331247679327451,nexsci,CoRoT-1 b
13,GJ 436 b,Wide Field Camera 3,0.372,687.53,0.07,3586.11,6.073,2.64388312,0.46,13.603121152202036,nexsci,GJ 436 b
15,GJ 1214 b,OSIRIS,0.245,588.35,0.02571,3250.0,8.782,1.58040433,0.21,15.257043426148382,nexsci,GJ 1214 b
32,GJ 1214 b,Infrared Array Camera (IRAC),0.245,588.35,0.02571,3250.0,8.782,1.58040433,0.21,15.257043426148382,nexsci,GJ 1214 b
49,HAT-P-12 b,Wide Field Camera 3,0.959,957.35,0.211,4650.0,10.108,3.2130598,0.7,11.796049682498612,nexsci,HAT-P-12 b
59,HAT-P-16 b,Mont4k CCD,1.289,1627.08,4.193,6158.0,9.553001,2.77596,1.24,7.161958088059369,nexsci,HAT-P-16 b
60,HD 97658 b,Wide Field Camera 3,0.189,756.83,0.02611,5212.0,5.734,9.4897116,0.73,23.712450043122036,nexsci,HD 97658 b
61,WASP-6 b,IMACS spectrograph,1.03,1093.43,0.37,5450.0,10.325,3.36101,0.73,12.42178904743424,nexsci,WASP-6 b
62,WASP-17 b,ULTRACAM,1.87,1698.89,0.78,6550.0,10.224,3.73543,1.49,7.432319474518929,nexsci,WASP-17 b
68,WASP-43 b,OSIRIS,0.93,1379.17,1.78,4400.0,9.267,0.813475,0.6,5.089094350869629,nexsci,WASP-43 b
75,WASP-39 b,Wide Field Camera 3,1.27,1120.55,0.28,5400.0,10.202,4.055259,0.9,11.611736406209571,nexsci,WASP-39 b
89,WASP-43 b,GROND,0.93,1379.17,1.78,4400.0,9.267,0.813475,0.6,5.089094350869629,nexsci,WASP-43 b
96,WASP-19 b,Merope 2Kx2K,1.415,2117.46,1.154,5616.0,10.481,0.78883852,1.01,3.5171596155222247,nexsci,WASP-19 b
108,HD 189733 b,Infrared Array camera (IRAC),1.13,1193.25,1.13,5052.0,5.541,2.21857567,0.75,8.962540248348427,nexsci,HD 189733 b
117,GJ 3470 b,,0.408,683.29,0.04373,3600.0,7.989,3.3366496,0.55,13.879348229644437,nexsci,GJ 3470 b
133,GJ 3470 b,EulerCam,0.408,683.29,0.04373,3600.0,7.989,3.3366496,0.55,13.879348229644437,nexsci,GJ 3470 b
149,GJ 3470 b,ISLE,0.408,683.29,0.04373,3600.0,7.989,3.3366496,0.55,13.879348229644437,nexsci,GJ 3470 b
165,GJ 3470 b,CCD-2 Direct Imaging Camera,0.408,683.29,0.04373,3600.0,7.989,3.3366496,0.55,13.879348229644437,nexsci,GJ 3470 b
181,GJ 3470 b,SBIG imager,0.408,683.29,0.04373,3600.0,7.989,3.3366496,0.55,13.879348229644437,nexsci,GJ 3470 b
197,GJ 3470 b,Large Monolithic Imager,0.408,683.29,0.04373,3600.0,7.989,3.3366496,0.55,13.879348229644437,nexsci,GJ 3470 b
213,GJ 3470 b,Mont4K CCD Imager,0.408,683.29,0.04373,3600.0,7.989,3.3366496,0.55,13.879348229644437,nexsci,GJ 3470 b
229,GJ 3470 b,Wide Field Camera 3,0.408,683.29,0.04373,3600.0,7.989,3.3366496,0.55,13.879348229644437,nexsci,GJ 3470 b
245,GJ 3470 b,MOSFIRE,0.408,683.29,0.04373,3600.0,7.989,3.3366496,0.55,13.879348229644437,nexsci,GJ 3470 b
261,GJ 3470 b,LBC,0.408,683.29,0.04373,3600.0,7.989,3.3366496,0.55,13.879348229644437,nexsci,GJ 3470 b
277,WASP-19 b,GROND,1.415,2117.46,1.154,5616.0,10.481,0.78883852,1.01,3.5171596155222247,nexsci,WASP-19 b
289,WASP-19 b,DFOSC imager,1.415,2117.46,1.154,5616.0,10.481,0.78883852,1.01,3.5171596155222247,nexsci,WASP-19 b
301,WASP-19 b,,1.415,2117.46,1.154,5616.0,10.481,0.78883852,1.01,3.5171596155222247,nexsci,WASP-19 b
313,GJ 1214 b,SOI,0.245,588.35,0.02571,3250.0,8.782,1.58040433,0.21,15.257043426148382,nexsci,GJ 1214 b
330,WASP-12 b,Wide Field Camera 3,1.937,2594.18,1.465,6360.0,10.188,1.09142,1.66,3.0052686816606657,nexsci,WASP-12 b
333,WASP-17 b,Wide Field Camera 3,1.87,1698.89,0.78,6550.0,10.224,3.73543,1.49,7.432319474518929,nexsci,WASP-17 b
339,WASP-19 b,Wide Field Camera 3,1.415,2117.46,1.154,5616.0,10.481,0.78883852,1.01,3.5171596155222247,nexsci,WASP-19 b
351,HAT-P-1 b,Space Telescope Imaging Spectrograph,1.319,1322.67,0.525,5980.0,8.858,4.46529976,1.17,10.220459980204405,nexsci,HAT-P-1 b
356,HAT-P-32 b,GMOS,1.98,1837.68,0.68,6001.0,9.99,2.1500082,1.37,5.331855713962411,nexsci,HAT-P-32 b
363,GJ 1214 b,WFC3,0.245,588.35,0.02571,3250.0,8.782,1.58040433,0.21,15.257043426148382,nexsci,GJ 1214 b
380,WASP-19 b,Space Telescope Imaging Spectrograph,1.415,2117.46,1.154,5616.0,10.481,0.78883852,1.01,3.5171596155222247,nexsci,WASP-19 b
392,WASP-19 b,MMIRS,1.415,2117.46,1.154,5616.0,10.481,0.78883852,1.01,3.5171596155222247,nexsci,WASP-19 b
404,GJ 1214 b,MMIRS,0.245,588.35,0.02571,3250.0,8.782,1.58040433,0.21,15.257043426148382,nexsci,GJ 1214 b
421,CoRoT-1 b,WFC3,1.49,1822.16,1.03,5950.0,12.149,1.5089557,1.11,5.331247679327451,nexsci,CoRoT-1 b
423,TrES-2 b,WFC3,1.36,1581.58,1.49,5850.0,9.846,2.47063,1.12,6.840710452269296,nexsci,TrES-2 b
424,TrES-4 b,WFC3,1.61,1708.35,0.78,6200.0,10.33,3.55395,1.66,6.58568361101846,nexsci,TrES-4 b
425,HD 209458 b,IRAC,1.39,1476.81,0.73,6091.0,6.308,3.52474859,1.19,8.505515602867796,nexsci,HD 209458 b
429,GJ 1214 b,TRAPPISTCam,0.245,588.35,0.02571,3250.0,8.782,1.58040433,0.21,15.257043426148382,nexsci,GJ 1214 b
446,GJ 1214 b,WIRCam,0.245,588.35,0.02571,3250.0,8.782,1.58040433,0.21,15.257043426148382,nexsci,GJ 1214 b
463,GJ 1214 b,Wide Field Camera 3,0.245,588.35,0.02571,3250.0,8.782,1.58040433,0.21,15.257043426148382,nexsci,GJ 1214 b
480,GJ 436 b,Infrared Array Camera (IRAC),0.372,687.53,0.07,3586.11,6.073,2.64388312,0.46,13.603121152202036,nexsci,GJ 436 b
482,HD 189733 b,Space Telescope Imaging Spectrograph,1.13,1193.25,1.13,5052.0,5.541,2.21857567,0.75,8.962540248348427,nexsci,HD 189733 b
491,HD 189733 b,Advanced Camera for Surveys,1.13,1193.25,1.13,5052.0,5.541,2.21857567,0.75,8.962540248348427,nexsci,HD 189733 b
500,HD 189733 b,Wide Field Camera 3,1.13,1193.25,1.13,5052.0,5.541,2.21857567,0.75,8.962540248348427,nexsci,HD 189733 b
509,HD 189733 b,Near Infrared Camera and Multi-Object Spectrometer,1.13,1193.25,1.13,5052.0,5.541,2.21857567,0.75,8.962540248348427,nexsci,HD 189733 b
518,HD 189733 b,Infrared Array Camera (IRAC),1.13,1193.25,1.13,5052.0,5.541,2.21857567,0.75,8.962540248348427,nexsci,HD 189733 b
527,HD 189733 b,Multiband Imaging Photometer (MIPS),1.13,1193.25,1.13,5052.0,5.541,2.21857567,0.75,8.962540248348427,nexsci,HD 189733 b
536,HD 189733 b,HARPS Echelle Spectrograph,1.13,1193.25,1.13,5052.0,5.541,2.21857567,0.75,8.962540248348427,nexsci,HD 189733 b
545,WASP-31 b,Space Telescope Imaging Spectrograph,1.549,1574.06,0.478,6302.0,10.65,3.4059096,1.25,8.014678506152652,nexsci,WASP-31 b
549,WASP-31 b,Wide Field Camera 3,1.549,1574.06,0.478,6302.0,10.65,3.4059096,1.25,8.014678506152652,nexsci,WASP-31 b
553,WASP-31 b,Infrared Array Camera (IRAC),1.549,1574.06,0.478,6302.0,10.65,3.4059096,1.25,8.014678506152652,nexsci,WASP-31 b
557,WASP-39 b,Marconi CCD,1.27,1120.55,0.28,5400.0,10.202,4.055259,0.9,11.611736406209571,nexsci,WASP-39 b
571,WASP-39 b,Mexman,1.27,1120.55,0.28,5400.0,10.202,4.055259,0.9,11.611736406209571,nexsci,WASP-39 b
585,WASP-43 b,Mexman,0.93,1379.17,1.78,4400.0,9.267,0.813475,0.6,5.089094350869629,nexsci,WASP-43 b
592,WASP-43 b,RATIR,0.93,1379.17,1.78,4400.0,9.267,0.813475,0.6,5.089094350869629,nexsci,WASP-43 b
599,WASP-43 b,Wide Field Camera 3,0.93,1379.17,1.78,4400.0,9.267,0.813475,0.6,5.089094350869629,nexsci,WASP-43 b
606,WASP-80 b,GROND,0.999,827.36,0.538,4143.0,8.351,3.06785234,0.59,12.53746805943532,nexsci,WASP-80 b
614,WASP-80 b,Multiple Instruments,0.999,827.36,0.538,4143.0,8.351,3.06785234,0.59,12.53746805943532,nexsci,WASP-80 b
622,WASP-80 b,DFOSC,0.999,827.36,0.538,4143.0,8.351,3.06785234,0.59,12.53746805943532,nexsci,WASP-80 b
630,WASP-80 b,Infrared Array Camera (IRAC),0.999,827.36,0.538,4143.0,8.351,3.06785234,0.59,12.53746805943532,nexsci,WASP-80 b
638,WASP-80 b,SIRIUS,0.999,827.36,0.538,4143.0,8.351,3.06785234,0.59,12.53746805943532,nexsci,WASP-80 b
646,WASP-80 b,,0.999,827.36,0.538,4143.0,8.351,3.06785234,0.59,12.53746805943532,nexsci,WASP-80 b
654,WASP-80 b,ISLE,0.999,827.36,0.538,4143.0,8.351,3.06785234,0.59,12.53746805943532,nexsci,WASP-80 b
662,GJ 1214 b,SIRIUS,0.245,588.35,0.02571,3250.0,8.782,1.58040433,0.21,15.257043426148382,nexsci,GJ 1214 b
679,GJ 1214 b,GROND,0.245,588.35,0.02571,3250.0,8.782,1.58040433,0.21,15.257043426148382,nexsci,GJ 1214 b
696,GJ 1214 b,WFC,0.245,588.35,0.02571,3250.0,8.782,1.58040433,0.21,15.257043426148382,nexsci,GJ 1214 b
713,GJ 1214 b,NOTCam,0.245,588.35,0.02571,3250.0,8.782,1.58040433,0.21,15.257043426148382,nexsci,GJ 1214 b
730,GJ 1214 b,LIRIS,0.245,588.35,0.02571,3250.0,8.782,1.58040433,0.21,15.257043426148382,nexsci,GJ 1214 b
747,HAT-P-11 b,Kepler CCD camera,0.389,829.22,0.084,4780.0,7.009,4.88780244,0.68,16.614396263133195,nexsci,HAT-P-11 b
750,HAT-P-11 b,Wide Field Camera 3,0.389,829.22,0.084,4780.0,7.009,4.88780244,0.68,16.614396263133195,nexsci,HAT-P-11 b
753,HAT-P-11 b,Infrared Array Camera (IRAC),0.389,829.22,0.084,4780.0,7.009,4.88780244,0.68,16.614396263133195,nexsci,HAT-P-11 b
756,HAT-P-1 b,OSIRIS,1.319,1322.67,0.525,5980.0,8.858,4.46529976,1.17,10.220459980204405,nexsci,HAT-P-1 b
761,HD 209458 b,Wide Field Camera 3,1.39,1476.81,0.73,6091.0,6.308,3.52474859,1.19,8.505515602867796,nexsci,HD 209458 b
765,KOI-12 b,Kepler CCD Array,1.23,964.67,1.1,6635.0,10.234,17.855182,1.4,23.653537123760238,nexsci,KOI-12 b
767,KOI-12 b,Infrared Array Camera (IRAC),1.23,964.67,1.1,6635.0,10.234,17.855182,1.4,23.653537123760238,nexsci,KOI-12 b
769,KOI-13 b,Kepler CCD Array,1.512,2550.11,9.28,7650.0,9.425,1.763588,1.74,4.49960964825554,nexsci,KOI-13 b
771,KOI-13 b,Infrared Array Camera (IRAC),1.512,2550.11,9.28,7650.0,9.425,1.763588,1.74,4.49960964825554,nexsci,KOI-13 b
773,Kepler-410 A b,Kepler CCD Array,0.253,1003.76,0.0265,6273.0,8.14,17.833648,1.35,19.528105396451213,nexsci,Kepler-410 A b
775,Kepler-410 A b,Infrared Array Camera (IRAC),0.253,1003.76,0.0265,6273.0,8.14,17.833648,1.35,19.528105396451213,nexsci,Kepler-410 A b
777,Kepler-93 b,Kepler CCD Array,0.14,1175.48,0.0143,5669.0,8.37,4.72674,0.98,11.629290051570432,nexsci,Kepler-93 b
779,Kepler-93 b,Infrared Array Camera (IRAC),0.14,1175.48,0.0143,5669.0,8.37,4.72674,0.98,11.629290051570432,nexsci,Kepler-93 b
781,Kepler-20 c,Kepler CCD Array,0.272,842.76,0.04012,5495.0,10.871,10.85409089,0.96,21.256824555348928,nexsci,Kepler-20 c
783,Kepler-20 c,Infrared Array Camera (IRAC),0.272,842.76,0.04012,5495.0,10.871,10.85409089,0.96,21.256824555348928,nexsci,Kepler-20 c
785,Kepler-20 d,Kepler CCD Array,0.245,438.46,0.03168,5495.0,10.871,77.61130017,0.96,78.5315351855146,nexsci,Kepler-20 d
787,Kepler-20 d,Infrared Array Camera (IRAC),0.245,438.46,0.03168,5495.0,10.871,77.61130017,0.96,78.5315351855146,nexsci,Kepler-20 d
789,Kepler-10 c,Kepler CCD Array,0.207,585.15,0.02319,5706.0,9.496,45.2946,1.09,47.54380689596512,nexsci,Kepler-10 c
791,Kepler-10 c,Infrared Array Camera (IRAC),0.207,585.15,0.02319,5706.0,9.496,45.2946,1.09,47.54380689596512,nexsci,Kepler-10 c
793,Kepler-102 e,Kepler CCD Array,0.198,596.63,0.028,4903.0,9.351,16.1457,0.74,33.76586012015897,nexsci,Kepler-102 e
795,Kepler-102 e,Infrared Array Camera (IRAC),0.198,596.63,0.028,4903.0,9.351,16.1457,0.74,33.76586012015897,nexsci,Kepler-102 e
797,Kepler-102 d,Kepler CCD Array,0.105,692.72,0.012,4903.0,9.351,10.3117,0.74,25.048340295677303,nexsci,Kepler-102 d
799,Kepler-102 d,Infrared Array Camera (IRAC),0.105,692.72,0.012,4903.0,9.351,10.3117,0.74,25.048340295677303,nexsci,Kepler-102 d
801,Kepler-19 b,Kepler CCD Array,0.197,857.95,0.02643,5544.0,10.318,9.28716,0.86,20.878122091268292,nexsci,Kepler-19 b
803,Kepler-19 b,Infrared Array Camera (IRAC),0.197,857.95,0.02643,5544.0,10.318,9.28716,0.86,20.878122091268292,nexsci,Kepler-19 b
805,Kepler-22 b,Kepler CCD Array,0.212,285.87,0.113,5518.0,10.152,289.8623,0.98,186.2880613921377,nexsci,Kepler-22 b
807,Kepler-22 b,Infrared Array Camera (IRAC),0.212,285.87,0.113,5518.0,10.152,289.8623,0.98,186.2880613921377,nexsci,Kepler-22 b
809,KOI-94 d,Kepler CCD Array,1.005,895.6,0.334,6182.0,10.926,22.342989,1.52,23.823299351921197,nexsci,KOI-94 d
811,KOI-94 d,Infrared Array Camera (IRAC),1.005,895.6,0.334,6182.0,10.926,22.342989,1.52,23.823299351921197,nexsci,KOI-94 d
813,Kepler-14 b,Kepler CCD Array,1.136,1590.1,8.4,6395.0,10.988,6.790123,2.05,8.08730692790206,nexsci,Kepler-14 b
815,Kepler-14 b,Infrared Array Camera (IRAC),1.136,1590.1,8.4,6395.0,10.988,6.790123,2.05,8.08730692790206,nexsci,Kepler-14 b
817,Kepler-94 b,Kepler CCD Array,0.313,1140.4,0.034,4781.0,10.594,2.50806,0.76,8.78802467779896,nexsci,Kepler-94 b
819,Kepler-94 b,Infrared Array Camera (IRAC),0.313,1140.4,0.034,4781.0,10.594,2.50806,0.76,8.78802467779896,nexsci,Kepler-94 b
821,Kepler-104 d,Kepler CCD Array,0.319,631.17,0.0394,5711.0,11.209,51.755394,1.35,40.93575111654129,nexsci,Kepler-104 d
823,Kepler-104 d,Infrared Array Camera (IRAC),0.319,631.17,0.0394,5711.0,11.209,51.755394,1.35,40.93575111654129,nexsci,Kepler-104 d
825,Kepler-18 c,Kepler CCD Array,0.49,990.22,0.054,5345.0,11.756,7.64159,1.11,14.567944240022685,nexsci,Kepler-18 c
827,Kepler-18 c,Infrared Array Camera (IRAC),0.49,990.22,0.054,5345.0,11.756,7.64159,1.11,14.567944240022685,nexsci,Kepler-18 c
829,Kepler-18 d,Kepler CCD Array,0.623,793.19,0.052,5345.0,11.756,14.85888,1.11,22.704296076205566,nexsci,Kepler-18 d
831,Kepler-18 d,Infrared Array Camera (IRAC),0.623,793.19,0.052,5345.0,11.756,14.85888,1.11,22.704296076205566,nexsci,Kepler-18 d
833,Kepler-11 e,Kepler CCD Array,0.374,636.67,0.025,5663.0,12.18,31.9996,1.06,39.55780222241207,nexsci,Kepler-11 e
835,Kepler-11 e,Infrared Array Camera (IRAC),0.374,636.67,0.025,5663.0,12.18,31.9996,1.06,39.55780222241207,nexsci,Kepler-11 e
837,Kepler-25 c,Kepler CCD Array,0.465,1060.9,0.0479,6354.0,9.493,12.7207,1.32,17.935636620702496,nexsci,Kepler-25 c
839,Kepler-25 c,Infrared Array Camera (IRAC),0.465,1060.9,0.0479,6354.0,9.493,12.7207,1.32,17.935636620702496,nexsci,Kepler-25 c
841,Kepler-25 b,Kepler CCD Array,0.245,1291.87,0.0275,6103.0,9.493,6.238297,1.32,11.15886565411554,nexsci,Kepler-25 b
843,Kepler-25 b,Infrared Array Camera (IRAC),0.245,1291.87,0.0275,6103.0,9.493,6.238297,1.32,11.15886565411554,nexsci,Kepler-25 b
845,Kepler-37 d,Kepler CCD Array,0.173,503.06,0.03839,5417.0,7.942,39.7922,0.77,57.9749032690983,nexsci,Kepler-37 d
847,Kepler-37 d,Infrared Array Camera (IRAC),0.173,503.06,0.03839,5417.0,7.942,39.7922,0.77,57.9749032690983,nexsci,Kepler-37 d
849,Kepler-68 b,Kepler CCD Array,0.21,1280.27,0.02407,5875.23,8.588,5.3988,1.26,10.5297492102165,nexsci,Kepler-68 b
851,Kepler-68 b,Infrared Array Camera (IRAC),0.21,1280.27,0.02407,5875.23,8.588,5.3988,1.26,10.5297492102165,nexsci,Kepler-68 b
853,Kepler-49 b,Kepler CCD Array,0.243,572.94,0.027,3974.0,12.383,7.2037945,0.53,24.055200961710884,nexsci,Kepler-49 b
855,Kepler-49 b,Infrared Array Camera (IRAC),0.243,572.94,0.027,3974.0,12.383,7.2037945,0.53,24.055200961710884,nexsci,Kepler-49 b
857,Kepler-49 c,Kepler CCD Array,0.227,498.85,0.01856,3974.0,12.383,10.9129343,0.53,31.731443198101,nexsci,Kepler-49 c
859,Kepler-49 c,Infrared Array Camera (IRAC),0.227,498.85,0.01856,3974.0,12.383,10.9129343,0.53,31.731443198101,nexsci,Kepler-49 c
861,Kepler-26 c,Kepler CCD Array,0.243,411.57,0.01951,3914.0,12.63,17.2559,0.51,45.21999744248281,nexsci,Kepler-26 c
863,Kepler-26 c,Infrared Array Camera (IRAC),0.243,411.57,0.01951,3914.0,12.63,17.2559,0.51,45.21999744248281,nexsci,Kepler-26 c
865,Kepler-125 b,Kepler CCD Array,0.211,647.96,0.0195,3810.0,11.682,4.164389,0.51,17.286898789200887,nexsci,Kepler-125 b
867,Kepler-125 b,Infrared Array Camera (IRAC),0.211,647.96,0.0195,3810.0,11.682,4.164389,0.51,17.286898789200887,nexsci,Kepler-125 b
869,Kepler-126 d,Kepler CCD Array,0.223,524.18,0.0214,6239.0,9.344,100.283134,1.36,70.8341218679451,nexsci,Kepler-126 d
871,Kepler-126 d,Infrared Array Camera (IRAC),0.223,524.18,0.0214,6239.0,9.344,100.283134,1.36,70.8341218679451,nexsci,Kepler-126 d
873,Kepler-127 d,Kepler CCD Array,0.236,648.9,0.0235,6106.0,10.234,48.630408,1.36,44.27132616746569,nexsci,Kepler-127 d
875,Kepler-127 d,Infrared Array Camera (IRAC),0.236,648.9,0.0235,6106.0,10.234,48.630408,1.36,44.27132616746569,nexsci,Kepler-127 d
877,Kepler-138 c,Kepler CCD Array,0.135,450.44,0.00724,3841.0,9.506,13.7815,0.54,36.356362616149994,nexsci,Kepler-138 c
879,Kepler-138 c,Infrared Array Camera (IRAC),0.135,450.44,0.00724,3841.0,9.506,13.7815,0.54,36.356362616149994,nexsci,Kepler-138 c
881,Kepler-158 c,Kepler CCD Array,0.17,441.6,0.0134,4623.0,12.057,28.551383,0.62,54.79851709023634,nexsci,Kepler-158 c
883,Kepler-158 c,Infrared Array Camera (IRAC),0.17,441.6,0.0134,4623.0,12.057,28.551383,0.62,54.79851709023634,nexsci,Kepler-158 c
885,Kepler-205 c,Kepler CCD Array,0.146,442.4,0.0105,4321.0,10.833,20.306546,0.55,47.69804180328511,nexsci,Kepler-205 c
887,Kepler-205 c,Infrared Array Camera (IRAC),0.146,442.4,0.0105,4321.0,10.833,20.306546,0.55,47.69804180328511,nexsci,Kepler-205 c
889,Kepler-62 e,Kepler CCD Array,0.144,290.75,0.113,4925.0,11.659,122.3874,0.64,143.46676636144352,nexsci,Kepler-62 e
891,Kepler-62 e,Infrared Array Camera (IRAC),0.144,290.75,0.113,4925.0,11.659,122.3874,0.64,143.46676636144352,nexsci,Kepler-62 e
893,Kepler-236 c,Kepler CCD Array,0.178,355.44,0.0147,3750.0,12.312,23.968127,0.51,55.655381467671155,nexsci,Kepler-236 c
895,Kepler-236 c,Infrared Array Camera (IRAC),0.178,355.44,0.0147,3750.0,12.312,23.968127,0.51,55.655381467671155,nexsci,Kepler-236 c
897,Kepler-249 d,Kepler CCD Array,0.14,382.73,0.00972,3568.0,11.966,15.368459,0.48,43.454414791756506,nexsci,Kepler-249 d
899,Kepler-249 d,Infrared Array Camera (IRAC),0.14,382.73,0.00972,3568.0,11.966,15.368459,0.48,43.454414791756506,nexsci,Kepler-249 d
901,Kepler-32 d,Kepler CCD Array,0.241,379.72,0.0244,3900.0,12.757,22.7802,0.53,52.74373629654942,nexsci,Kepler-32 d
903,Kepler-32 d,Infrared Array Camera (IRAC),0.241,379.72,0.0244,3900.0,12.757,22.7802,0.53,52.74373629654942,nexsci,Kepler-32 d
905,Kepler-61 b,Kepler CCD Array,0.192,305.89,0.0166,4017.0,12.272,59.87756,0.62,86.22442616331426,nexsci,Kepler-61 b
907,Kepler-61 b,Infrared Array Camera (IRAC),0.192,305.89,0.0166,4017.0,12.272,59.87756,0.62,86.22442616331426,nexsci,Kepler-61 b
909,WASP-17 b,GIRAFFE,1.87,1698.89,0.78,6550.0,10.224,3.73543,1.49,7.432319474518929,nexsci,WASP-17 b
915,WASP-19 b,EFOSC2,1.415,2117.46,1.154,5616.0,10.481,0.78883852,1.01,3.5171596155222247,nexsci,WASP-19 b
927,WASP-19 b,EulerCam,1.415,2117.46,1.154,5616.0,10.481,0.78883852,1.01,3.5171596155222247,nexsci,WASP-19 b
939,WASP-19 b,TRAPPISTCam,1.415,2117.46,1.154,5616.0,10.481,0.78883852,1.01,3.5171596155222247,nexsci,WASP-19 b
951,WASP-29 b,GMOS,0.77,962.34,0.23,4800.0,8.783,3.92273,0.79,12.439201916638009,nexsci,WASP-29 b
952,XO-1 b,Wide Field Camera 3,1.14,1177.42,0.83,5750.0,9.527,3.94153,0.88,11.924510450821279,nexsci,XO-1 b
954,XO-2 N b,Mont4k CCD,0.993,1335.57,0.566,5340.0,9.308,2.61586178,0.99,7.993114473410255,nexsci,XO-2 N b
959,HAT-P-1 b,DOLORES,1.319,1322.67,0.525,5980.0,8.858,4.46529976,1.17,10.220459980204405,nexsci,HAT-P-1 b
964,HAT-P-23 b,DLR-MKIII camera,1.09,1831.66,1.34,5905.0,10.791,1.21288,0.96,5.196610428704901,nexsci,HAT-P-23 b
966,HAT-P-23 b,BUSCA,1.09,1831.66,1.34,5905.0,10.791,1.21288,0.96,5.196610428704901,nexsci,HAT-P-23 b
968,WASP-19 b,FORS2,1.415,2117.46,1.154,5616.0,10.481,0.78883852,1.01,3.5171596155222247,nexsci,WASP-19 b
980,WASP-48 b,BFOSC,1.5,1933.53,0.8,5920.0,10.372,2.14363,1.58,4.687156608413709,nexsci,WASP-48 b
983,WASP-48 b,DLR-MKIII camera,1.5,1933.53,0.8,5920.0,10.372,2.14363,1.58,4.687156608413709,nexsci,WASP-48 b
986,WASP-48 b,BUSCA,1.5,1933.53,0.8,5920.0,10.372,2.14363,1.58,4.687156608413709,nexsci,WASP-48 b
989,WASP-14 b,Infrared Array Camera (IRAC),1.38,1920.6,8.84,6475.0,8.621,2.24375,1.4,5.682992685578759,nexsci,WASP-14 b
990,GJ 1214 b,LBC,0.245,588.35,0.02571,3250.0,8.782,1.58040433,0.21,15.257043426148382,nexsci,GJ 1214 b
1007,HAT-P-12 b,StanCam,0.959,957.35,0.211,4650.0,10.108,3.2130598,0.7,11.796049682498612,nexsci,HAT-P-12 b
1017,HAT-P-12 b,Multiple Instruments,0.959,957.35,0.211,4650.0,10.108,3.2130598,0.7,11.796049682498612,nexsci,HAT-P-12 b
1027,HAT-P-12 b,WiFSIP,0.959,957.35,0.211,4650.0,10.108,3.2130598,0.7,11.796049682498612,nexsci,HAT-P-12 b
1037,HAT-P-12 b,AFOSC,0.959,957.35,0.211,4650.0,10.108,3.2130598,0.7,11.796049682498612,nexsci,HAT-P-12 b
1047,HAT-P-12 b,Keplercam,0.959,957.35,0.211,4650.0,10.108,3.2130598,0.7,11.796049682498612,nexsci,HAT-P-12 b
1057,HD 189733 b,HIPO,1.13,1193.25,1.13,5052.0,5.541,2.21857567,0.75,8.962540248348427,nexsci,HD 189733 b
1066,55 Cnc e,ALFOSC,0.167,1945.95,0.02514,5172.0,4.015,0.7365474,0.94,3.532017535694953,nexsci,55 Cnc e
1069,55 Cnc e,Infrared Array Camera (IRAC),0.167,1945.95,0.02514,5172.0,4.015,0.7365474,0.94,3.532017535694953,nexsci,55 Cnc e
1072,GJ 1214 b,FORS,0.245,588.35,0.02571,3250.0,8.782,1.58040433,0.21,15.257043426148382,nexsci,GJ 1214 b
1089,GJ 1214 b,ACAM,0.245,588.35,0.02571,3250.0,8.782,1.58040433,0.21,15.257043426148382,nexsci,GJ 1214 b
1106,WASP-45 b,GROND,0.946,1156.85,0.964,5150.0,10.294,3.126089,0.86,9.908981778167213,nexsci,WASP-45 b
1109,WASP-45 b,DFOSC,0.946,1156.85,0.964,5150.0,10.294,3.126089,0.86,9.908981778167213,nexsci,WASP-45 b
1112,WASP-45 b,EulerCam,0.946,1156.85,0.964,5150.0,10.294,3.126089,0.86,9.908981778167213,nexsci,WASP-45 b
1115,WASP-46 b,GROND,1.174,1638.8,1.91,5600.0,11.401,1.43036763,0.86,5.838373063845683,nexsci,WASP-46 b
1119,WASP-46 b,EFOSC2,1.174,1638.8,1.91,5600.0,11.401,1.43036763,0.86,5.838373063845683,nexsci,WASP-46 b
1123,WASP-46 b,DFOSC,1.174,1638.8,1.91,5600.0,11.401,1.43036763,0.86,5.838373063845683,nexsci,WASP-46 b
1127,WASP-46 b,EulerCam,1.174,1638.8,1.91,5600.0,11.401,1.43036763,0.86,5.838373063845683,nexsci,WASP-46 b
1131,WASP-57 b,EulerCam,1.05,1341.37,0.644,5600.0,11.244,2.83891856,0.93,8.714582738949398,nexsci,WASP-57 b
1135,WASP-57 b,BUSCA,1.05,1341.37,0.644,5600.0,11.244,2.83891856,0.93,8.714582738949398,nexsci,WASP-57 b
1139,WASP-57 b,DFOSC,1.05,1341.37,0.644,5600.0,11.244,2.83891856,0.93,8.714582738949398,nexsci,WASP-57 b
1143,WASP-57 b,GROND,1.05,1341.37,0.644,5600.0,11.244,2.83891856,0.93,8.714582738949398,nexsci,WASP-57 b
1147,GJ 3470 b,Fairchild CCD486 BI,0.408,683.29,0.04373,3600.0,7.989,3.3366496,0.55,13.879348229644437,nexsci,GJ 3470 b
1163,GJ 3470 b,Mont4k CCD,0.408,683.29,0.04373,3600.0,7.989,3.3366496,0.55,13.879348229644437,nexsci,GJ 3470 b
1179,HAT-P-1 b,Infrared Array Camera (IRAC),1.319,1322.67,0.525,5980.0,8.858,4.46529976,1.17,10.220459980204405,nexsci,HAT-P-1 b
1184,HAT-P-12 b,Space Telescope Imaging Spectrograph,0.959,957.35,0.211,4650.0,10.108,3.2130598,0.7,11.796049682498612,nexsci,HAT-P-12 b
1194,HAT-P-12 b,Infrared Array Camera (IRAC),0.959,957.35,0.211,4650.0,10.108,3.2130598,0.7,11.796049682498612,nexsci,HAT-P-12 b
1204,HD 209458 b,Space Telescope Imaging Spectrograph,1.39,1476.81,0.73,6091.0,6.308,3.52474859,1.19,8.505515602867796,nexsci,HD 209458 b
1208,HD 209458 b,Infrared Array Camera (IRAC),1.39,1476.81,0.73,6091.0,6.308,3.52474859,1.19,8.505515602867796,nexsci,HD 209458 b
1212,WASP-17 b,Space Telescope Imaging Spectrograph,1.87,1698.89,0.78,6550.0,10.224,3.73543,1.49,7.432319474518929,nexsci,WASP-17 b
1218,WASP-17 b,Infrared Array Camera (IRAC),1.87,1698.89,0.78,6550.0,10.224,3.73543,1.49,7.432319474518929,nexsci,WASP-17 b
1224,WASP-39 b,Space Telescope Imaging Spectrograph,1.27,1120.55,0.28,5400.0,10.202,4.055259,0.9,11.611736406209571,nexsci,WASP-39 b
1238,WASP-39 b,Infrared Array Camera (IRAC),1.27,1120.55,0.28,5400.0,10.202,4.055259,0.9,11.611736406209571,nexsci,WASP-39 b
1252,HAT-P-26 b,LDSS-3C,0.63,1043.77,0.07,5079.0,9.581,4.23452,0.87,11.839126731746244,nexsci,HAT-P-26 b
1256,HAT-P-26 b,Infrared Array Camera (IRAC),0.63,1043.77,0.07,5079.0,9.581,4.23452,0.87,11.839126731746244,nexsci,HAT-P-26 b
1260,55 Cnc e,Wide Field Camera 3,0.167,1945.95,0.02514,5172.0,4.015,0.7365474,0.94,3.532017535694953,nexsci,55 Cnc e
1263,K2-26 b,Kepler CCD Array,0.243812,423.83,0.0226759,3785.0,10.53,14.5665,0.52,39.8766,exoplanets.org,K2-26 b
1265,K2-26 b,Infrared Array Camera (IRAC),0.243812,423.83,0.0226759,3785.0,10.53,14.5665,0.52,39.8766,exoplanets.org,K2-26 b
1267,K2-3 b,Kepler CCD Array,0.177,516.81,0.02039,3896.0,8.561,10.054626,0.56,28.41496342789379,nexsci,K2-3 b
1269,K2-3 b,Infrared Array Camera (IRAC),0.177,516.81,0.02039,3896.0,8.561,10.054626,0.56,28.41496342789379,nexsci,K2-3 b
1271,K2-3 c,Kepler CCD Array,0.139,383.34,0.00673,3896.0,8.561,24.646582,0.56,51.64611596015831,nexsci,K2-3 c
1273,K2-3 c,Infrared Array Camera (IRAC),0.139,383.34,0.00673,3896.0,8.561,24.646582,0.56,51.64611596015831,nexsci,K2-3 c
1275,K2-3 d,Kepler CCD Array,0.136,307.01,0.00881,3896.0,8.561,44.55646,0.56,80.5218625787747,nexsci,K2-3 d
1277,K2-3 d,Infrared Array Camera (IRAC),0.136,307.01,0.00881,3896.0,8.561,44.55646,0.56,80.5218625787747,nexsci,K2-3 d
1279,HAT-P-14 b,MuSCAT,1.42,1758.69,3.44,6600.0,8.851,4.62767,1.82,7.041712350530021,nexsci,HAT-P-14 b
1284,HAT-P-14 b,RISE,1.42,1758.69,3.44,6600.0,8.851,4.62767,1.82,7.041712350530021,nexsci,HAT-P-14 b
1289,HAT-P-14 b,AFOSC,1.42,1758.69,3.44,6600.0,8.851,4.62767,1.82,7.041712350530021,nexsci,HAT-P-14 b
1294,HAT-P-14 b,Keplercam,1.42,1758.69,3.44,6600.0,8.851,4.62767,1.82,7.041712350530021,nexsci,HAT-P-14 b
1299,HAT-P-14 b,Spectral camera,1.42,1758.69,3.44,6600.0,8.851,4.62767,1.82,7.041712350530021,nexsci,HAT-P-14 b
1304,HAT-P-32 b,MODS1,1.98,1837.68,0.68,6001.0,9.99,2.1500082,1.37,5.331855713962411,nexsci,HAT-P-32 b
1311,HAT-P-32 b,OSIRIS,1.98,1837.68,0.68,6001.0,9.99,2.1500082,1.37,5.331855713962411,nexsci,HAT-P-32 b
1318,WASP-43 b,Sinistro,0.93,1379.17,1.78,4400.0,9.267,0.813475,0.6,5.089094350869629,nexsci,WASP-43 b
1325,WASP-43 b,CAMELOT,0.93,1379.17,1.78,4400.0,9.267,0.813475,0.6,5.089094350869629,nexsci,WASP-43 b
1332,WASP-121 b,Wide Field Camera 3,1.80692,2354.76,1.18367,6460.0,9.374,1.2749255,1.458,3.76306,exoplanets.org,WASP-121 b
1334,WASP-98 b,GROND,1.144,1170.48,0.922,5473.0,11.284,2.96264036,0.74,10.931769859900005,nexsci,WASP-98 b
1335,WASP-103 b,DFOSC,1.528,2509.43,1.49,6110.0,10.767,0.925542,1.44,2.964158534764146,nexsci,WASP-103 b
1338,WASP-103 b,GROND,1.528,2509.43,1.49,6110.0,10.767,0.925542,1.44,2.964158534764146,nexsci,WASP-103 b
1341,HAT-P-7 b,Infrared Array Camera (IRAC),1.51,2272.45,1.84,6389.0,9.334,2.20474,2.0,3.952291021224666,nexsci,HAT-P-7 b
1342,WASP-19 b,Infrared Array Camera (IRAC),1.415,2117.46,1.154,5616.0,10.481,0.78883852,1.01,3.5171596155222247,nexsci,WASP-19 b
1354,WASP-17 b,FORS2,1.87,1698.89,0.78,6550.0,10.224,3.73543,1.49,7.432319474518929,nexsci,WASP-17 b
1360,GJ 3470 b,ULTRASPEC,0.408,683.29,0.04373,3600.0,7.989,3.3366496,0.55,13.879348229644437,nexsci,GJ 3470 b
1376,GJ 3470 b,Multiple Instruments,0.408,683.29,0.04373,3600.0,7.989,3.3366496,0.55,13.879348229644437,nexsci,GJ 3470 b
1392,HAT-P-32 b,ULTRACAM,1.98,1837.68,0.68,6001.0,9.99,2.1500082,1.37,5.331855713962411,nexsci,HAT-P-32 b
1399,HAT-P-32 b,Multiple Instruments,1.98,1837.68,0.68,6001.0,9.99,2.1500082,1.37,5.331855713962411,nexsci,HAT-P-32 b
1406,HAT-P-32 b,BUSCA,1.98,1837.68,0.68,6001.0,9.99,2.1500082,1.37,5.331855713962411,nexsci,HAT-P-32 b
1413,HAT-P-32 b,KeplerCam,1.98,1837.68,0.68,6001.0,9.99,2.1500082,1.37,5.331855713962411,nexsci,HAT-P-32 b
1420,WASP-101 b,Wide Field Camera 3,1.43,1565.82,0.51,6380.0,9.075,3.58572,1.31,8.30089779561801,nexsci,WASP-101 b
1421,HAT-P-19 b,WiFSIP,1.132,1009.36,0.292,4990.0,10.546,4.008778,0.82,12.220120066155514,nexsci,HAT-P-19 b
1422,WASP-39 b,FORS2,1.27,1120.55,0.28,5400.0,10.202,4.055259,0.9,11.611736406209571,nexsci,WASP-39 b
1436,GJ 1132 b,GROND,0.107221,583.71,0.0052796,3270.0,8.322,1.628931,0.2105,15.6916,exoplanets.org,GJ 1132 b
1440,GJ 1132 b,PISCO,0.107221,583.71,0.0052796,3270.0,8.322,1.628931,0.2105,15.6916,exoplanets.org,GJ 1132 b
1444,GJ 1214 b,IMACS spectrograph,0.245,588.35,0.02571,3250.0,8.782,1.58040433,0.21,15.257043426148382,nexsci,GJ 1214 b
1461,WASP-52 b,OSIRIS,1.27,1299.37,0.46,5000.0,10.086,1.7497798,0.79,7.403638777517589,nexsci,WASP-52 b
1463,HAT-P-18 b,ACAM,0.995,848.34,0.197,4803.0,10.234,5.508023,0.75,16.027063335978152,nexsci,HAT-P-18 b
1465,WASP-127 b,ALFOSC,1.34777,1355.15,0.204061,5750.0,8.641,4.178062,1.33,9.00186,exoplanets.org,WASP-127 b
1467,HAT-P-3 b,CCD camera,0.94,1186.07,0.65,5185.0,9.448,2.8997,0.87,9.555336940486635,nexsci,HAT-P-3 b
1471,HAT-P-3 b,MEXMAN,0.94,1186.07,0.65,5185.0,9.448,2.8997,0.87,9.555336940486635,nexsci,HAT-P-3 b
1475,HAT-P-3 b,SBIG STL-1301E,0.94,1186.07,0.65,5185.0,9.448,2.8997,0.87,9.555336940486635,nexsci,HAT-P-3 b
1479,HAT-P-3 b,FLAMINGOS,0.94,1186.07,0.65,5185.0,9.448,2.8997,0.87,9.555336940486635,nexsci,HAT-P-3 b
1483,TrES-3 b,SBIG STL-1301E,1.336,1643.1,1.91,5650.0,10.608,1.30618581,0.83,5.91208890650831,nexsci,TrES-3 b
1486,TrES-3 b,Multiple Instruments,1.336,1643.1,1.91,5650.0,10.608,1.30618581,0.83,5.91208890650831,nexsci,TrES-3 b
1489,TrES-3 b,MEXMAN,1.336,1643.1,1.91,5650.0,10.608,1.30618581,0.83,5.91208890650831,nexsci,TrES-3 b
1492,WASP-52 b,ACAM,1.27,1299.37,0.46,5000.0,10.086,1.7497798,0.79,7.403638777517589,nexsci,WASP-52 b
1494,WASP-4 b,GMOS,1.321,1634.06,1.186,5400.0,10.746,1.33823147,0.89,5.4603670990498605,nexsci,WASP-4 b
1497,WASP-4 b,Y4KCam,1.321,1634.06,1.186,5400.0,10.746,1.33823147,0.89,5.4603670990498605,nexsci,WASP-4 b
1500,WASP-4 b,SOI,1.321,1634.06,1.186,5400.0,10.746,1.33823147,0.89,5.4603670990498605,nexsci,WASP-4 b
1503,Qatar-1 b,GMOS,1.143,1415.83,1.294,5013.0,10.409,1.4200242,0.8,6.268187337796463,nexsci,Qatar-1 b
1504,WASP-127 b,OSIRIS,1.34777,1355.15,0.204061,5750.0,8.641,4.178062,1.33,9.00186,exoplanets.org,WASP-127 b
1506,HAT-P-26 b,Space Telescope Imaging Spectrograph,0.63,1043.77,0.07,5079.0,9.581,4.23452,0.87,11.839126731746244,nexsci,HAT-P-26 b
1510,HAT-P-26 b,Wide Field Camera 3,0.63,1043.77,0.07,5079.0,9.581,4.23452,0.87,11.839126731746244,nexsci,HAT-P-26 b
1514,WASP-107 b,Wide Field Camera 3,0.967496,736.99,0.116833,4430.0,8.637,5.72149,0.66,18.0658,exoplanets.org,WASP-107 b
1515,WASP-96 b,FORS2,1.2,1286.14,0.48,5540.0,10.914,3.4252602,1.05,9.277101573215054,nexsci,WASP-96 b
1516,GJ 1132 b,LDSS-3C,0.107221,583.71,0.0052796,3270.0,8.322,1.628931,0.2105,15.6916,exoplanets.org,GJ 1132 b
1520,WASP-80 b,ACAM,0.999,827.36,0.538,4143.0,8.351,3.06785234,0.59,12.53746805943532,nexsci,WASP-80 b
1528,TRAPPIST-1 g,Wide Field Camera 3,0.105246,195.08,0.003612,2516.0,10.29,12.354473,0.121,83.1731,exoplanets.org,TRAPPIST-1 g
1529,XO-2 N b,GMOS,0.993,1335.57,0.566,5340.0,9.308,2.61586178,0.99,7.993114473410255,nexsci,XO-2 N b
1534,XO-2 N b,KOSMOS,0.993,1335.57,0.566,5340.0,9.308,2.61586178,0.99,7.993114473410255,nexsci,XO-2 N b
1539,XO-2 N b,Near Infrared Camera and Multi-Object Spectrometer,0.993,1335.57,0.566,5340.0,9.308,2.61586178,0.99,7.993114473410255,nexsci,XO-2 N b
1544,XO-1 b,Near Infrared Camera and Multi-Object Spectrometer,1.14,1177.42,0.83,5750.0,9.527,3.94153,0.88,11.924510450821279,nexsci,XO-1 b
1546,XO-2 N b,OSIRIS,0.993,1335.57,0.566,5340.0,9.308,2.61586178,0.99,7.993114473410255,nexsci,XO-2 N b
1551,GJ 3470 b,Space Telescope Imaging Spectrograph,0.408,683.29,0.04373,3600.0,7.989,3.3366496,0.55,13.879348229644437,nexsci,GJ 3470 b
1567,GJ 3470 b,Infrared Array Camera (IRAC),0.408,683.29,0.04373,3600.0,7.989,3.3366496,0.55,13.879348229644437,nexsci,GJ 3470 b
1583,K2-18 b,Wide Field Camera 3,0.216574,282.36,0.025337,3457.0,8.899,32.939614,0.411,74.9492,exoplanets.org,K2-18 b
1586,K2-18 b,Kepler CCD camera,0.216574,282.36,0.025337,3457.0,8.899,32.939614,0.411,74.9492,exoplanets.org,K2-18 b
1589,K2-18 b,Infrared Array Camera (IRAC),0.216574,282.36,0.025337,3457.0,8.899,32.939614,0.411,74.9492,exoplanets.org,K2-18 b
1592,KELT-9 b,Potsdam Echelle Polarimetric & Spectroscopic Instrument (PEPSI),1.891,4048.99,2.88,10170.0,7.482,1.4811235,2.36,3.1544123853026944,nexsci,KELT-9 b
1594,WASP-79 b,TESS CCD Array,1.67,1767.07,0.85,6600.0,9.056,3.66238,1.6,6.97510554956339,nexsci,WASP-79 b
1598,WASP-79 b,LDSS-3C,1.67,1767.07,0.85,6600.0,9.056,3.66238,1.6,6.97510554956339,nexsci,WASP-79 b
1602,WASP-79 b,Wide Field Camera 3,1.67,1767.07,0.85,6600.0,9.056,3.66238,1.6,6.97510554956339,nexsci,WASP-79 b
1606,WASP-79 b,Infrared Array Camera (IRAC),1.67,1767.07,0.85,6600.0,9.056,3.66238,1.6,6.97510554956339,nexsci,WASP-79 b
1610,HAT-P-41 b,Wide Field Camera 3,2.05,2138.0,1.19,6390.0,9.728,2.69405,2.05,4.466375213878985,nexsci,HAT-P-41 b
1611,KELT-9 b,CARMENES,1.891,4048.99,2.88,10170.0,7.482,1.4811235,2.36,3.1544123853026944,nexsci,KELT-9 b
1613,WASP-121 b,Space Telescope Imaging Spectrograph,1.80692,2354.76,1.18367,6460.0,9.374,1.2749255,1.458,3.76306,exoplanets.org,WASP-121 b
1615,WASP-33 b,OSIRIS,1.593,2781.02,2.093,7430.0,7.468,1.21987,1.44,3.5689364725875614,nexsci,WASP-33 b
1616,WASP-76 b,Wide Field Camera 3,1.87721,2180.34,0.921566,6250.0,8.243,1.809886,1.73,4.10848,exoplanets.org,WASP-76 b
1617,KELT-11 b,Wide Field Camera 3,1.4449,1731.1,0.199113,5367.0,6.122,4.736525,2.81,4.80606,exoplanets.org,KELT-11 b
1619,WASP-103 b,FORS2,1.528,2509.43,1.49,6110.0,10.767,0.925542,1.44,2.964158534764146,nexsci,WASP-103 b
1622,WASP-21 b,OSIRIS,1.07,1262.74,0.3,5800.0,9.982,4.322482,1.06,10.548747259309883,nexsci,WASP-21 b
1624,WASP-117 b,Wide Field Camera 3,1.06,1045.99,0.3,6040.0,8.78,10.02165,1.22,16.67204229907959,nexsci,WASP-117 b
1625,WASP-69 b,OSIRIS,1.11,988.03,0.29,4700.0,7.459,3.86814,0.86,11.31419191173521,nexsci,WASP-69 b
1626,KELT-11 b,Infrared Array Camera (IRAC),1.4449,1731.1,0.199113,5367.0,6.122,4.736525,2.81,4.80606,exoplanets.org,KELT-11 b
1628,WASP-31 b,IMACS spectrograph,1.549,1574.06,0.478,6302.0,10.65,3.4059096,1.25,8.014678506152652,nexsci,WASP-31 b
1632,WASP-21 b,ACAM,1.07,1262.74,0.3,5800.0,9.982,4.322482,1.06,10.548747259309883,nexsci,WASP-21 b
1634,HAT-P-12 b,MODS1,0.959,957.35,0.211,4650.0,10.108,3.2130598,0.7,11.796049682498612,nexsci,HAT-P-12 b
1644,HAT-P-12 b,MODS2,0.959,957.35,0.211,4650.0,10.108,3.2130598,0.7,11.796049682498612,nexsci,HAT-P-12 b
1654,WASP-74 b,GROND,1.36,1854.97,0.72,5990.0,8.221,2.13775,1.42,5.213772619533068,nexsci,WASP-74 b
1658,WASP-74 b,DLR-MKIII camera,1.36,1854.97,0.72,5990.0,8.221,2.13775,1.42,5.213772619533068,nexsci,WASP-74 b
1662,WASP-74 b,DFOSC,1.36,1854.97,0.72,5990.0,8.221,2.13775,1.42,5.213772619533068,nexsci,WASP-74 b
1666,WASP-74 b,Wide Field Camera 3,1.36,1854.97,0.72,5990.0,8.221,2.13775,1.42,5.213772619533068,nexsci,WASP-74 b
1670,WASP-67 b,GROND,1.15,1033.61,0.43,5200.0,10.129,4.61442,0.88,12.655131070656436,nexsci,WASP-67 b
1674,WASP-67 b,DFOSC,1.15,1033.61,0.43,5200.0,10.129,4.61442,0.88,12.655131070656436,nexsci,WASP-67 b
1678,WASP-67 b,EulerCam,1.15,1033.61,0.43,5200.0,10.129,4.61442,0.88,12.655131070656436,nexsci,WASP-67 b
1682,WASP-67 b,TRAPPISTCam,1.15,1033.61,0.43,5200.0,10.129,4.61442,0.88,12.655131070656436,nexsci,WASP-67 b
1686,GJ 1132 b,Wide Field Camera 3,0.107221,583.71,0.0052796,3270.0,8.322,1.628931,0.2105,15.6916,exoplanets.org,GJ 1132 b
1690,WASP-39 b,Near Infrared Spectrograph (NIRSpec) - tshirt pipeline,1.27,1120.55,0.28,5400.0,10.202,4.055259,0.9,11.611736406209571,nexsci,WASP-39 b
1704,WASP-39 b,Near Infrared Spectrograph (NIRSpec) - Tiberius pipeline,1.27,1120.55,0.28,5400.0,10.202,4.055259,0.9,11.611736406209571,nexsci,WASP-39 b
1718,WASP-39 b,Near Infrared Spectrograph (NIRSpec) - FIREFLy pipeline,1.27,1120.55,0.28,5400.0,10.202,4.055259,0.9,11.611736406209571,nexsci,WASP-39 b
1732,WASP-39 b,Near Infrared Spectrograph (NIRSpec) - Eureka! pipeline,1.27,1120.55,0.28,5400.0,10.202,4.055259,0.9,11.611736406209571,nexsci,WASP-39 b
1746,WASP-39 b,Near Infrared Camera (NIRCam),1.27,1120.55,0.28,5400.0,10.202,4.055259,0.9,11.611736406209571,nexsci,WASP-39 b
1760,HAT-P-18 b,Near Infrared Imager and Slitless Spectrograph (NIRISS),0.995,848.34,0.197,4803.0,10.234,5.508023,0.75,16.027063335978152,nexsci,HAT-P-18 b
1762,WASP-39 b,Near Infrared Spectrograph (NIRSpec) - G395H,1.27,1120.55,0.28,5400.0,10.202,4.055259,0.9,11.611736406209571,nexsci,WASP-39 b
1776,WASP-39 b,Near Infrared Imager and Slitless Spectrograph (NIRISS),1.27,1120.55,0.28,5400.0,10.202,4.055259,0.9,11.611736406209571,nexsci,WASP-39 b
1790,WASP-39 b,Near Infrared Spectrograph (NIRSpec) - PRISM,1.27,1120.55,0.28,5400.0,10.202,4.055259,0.9,11.611736406209571,nexsci,WASP-39 b
